Workbook

Sheet Lisez-moi
B2: Palab — dossier de collecte
C4: Ce classeur sert à transmettre, en un seul fichier, les agents et les femmes qu'ils représentent. Une fois rempli, renvoyez-le avec le dossier de photos : tout sera importé dans la plateforme.
B6: Comment remplir
B7: Cellules en bleu | C7: À remplir. Ce sont les seules que vous modifiez.
B8: Cellules grises | C8: Calculées automatiquement (âge, contrôles de longueur, nombre de femmes par agent). N'y écrivez rien.
B9: Ligne jaune | C9: Exemple de remplissage, présente sur chaque onglet. Supprimez-la avant de renvoyer le fichier.
B10: Onglet « Listes » | C10: Alimente les menus déroulants. Ne le modifiez que pour ajouter une valeur manquante.
B12: Les trois onglets
B13: Agents | C13: Un agent par ligne. Le « Code agent » (AG-01, AG-02…) est ce qui relie un agent à ses femmes.
B14: Femmes | C14: Une femme par ligne. Reportez son « Code agent » en colonne B. Le « Code femme » (PAL-0001…) est unique et sert à nommer ses photos.
B15: Photos | C15: Une ligne par photo. Facultatif si vos fichiers sont déjà nommés selon la règle ci-dessous — utile surtout pour les légendes.
B17: Photos — ce dont j'ai besoin
B18: Quantité | C18: 6 à 10 par femme. Minimum 4. En dessous, le profil paraît vide et convertit mal.
B19: Photo principale | C19: Portrait vertical, visage net et bien éclairé, seule sur la photo. C'est celle qui s'affiche dans la galerie.
B20: Cadrage | C20: Vertical, format 3:4. Au moins 1200 × 1600 pixels pour la principale, 1000 pixels sur le petit côté pour les autres.
B21: Fichiers | C21: JPEG, PNG ou HEIC. 10 Mo maximum par photo. Je me charge de la conversion et de la compression.
B22: Nommage | C22: CODE_NN.jpg — par exemple PAL-0001_01.jpg pour la principale, puis PAL-0001_02.jpg, _03, etc. Un dossier par femme, nommé avec son code.
B23: À éviter | C23: Captures d'écran, filtres lourds, texte ou logo incrusté, photos de groupe en principale, images floues, nudité.
B24: Vidéo (facultatif) | C24: 15 à 30 secondes, verticale, la femme se présente. Très efficace, mais pas obligatoire.
B26: Vérification (interne, jamais publié)
B27: Pièce d'identité | C27: Recto et verso, lisibles. Nommez le fichier CODE_id_recto / CODE_id_verso.
B28: Photo de contrôle | C28: La femme tient sa pièce d'identité près de son visage. Sert uniquement à confirmer que les photos du profil sont bien les siennes.
B29: Contrat de mandat | C29: Le contrat signé qui autorise l'agent à la représenter et à échanger en son nom. PDF, nommé CODE_contrat.
B30: Consentement photos | C30: Autorisation de publier ses photos sur la plateforme. Peut être une clause du contrat — indiquez alors simplement « Oui ».
B32: Ce qui est public, ce qui ne l'est pas
B33: Public | C33: Prénom affiché, âge, ville et pays affichés, langues, situation, enfants, profession, études, physique, mode de vie, centres d'intérêt, recherche, textes et photos validées.
B34: Interne | C34: Nom légal, date de naissance exacte, e-mail, téléphone, pièce d'identité, contrats, notes. Visible uniquement par l'administration.
B36: Textes
B37: Rédaction | C37: À la première personne, dans un français naturel. Les colonnes de contrôle vous indiquent en direct si la longueur convient.
B38: Accroche | C38: 40 à 120 caractères. C'est la phrase visible sous le prénom dans la galerie.
B39: Présentation | C39: 600 à 1200 caractères. Parcours, quotidien, ce qui compte pour elle.
B40: Ce que je recherche | C40: 200 à 400 caractères. Le type de relation et d'homme recherché.
C42: Si une information manque pour certaines femmes, envoyez quand même le fichier : un dossier incomplet est importable, il restera simplement en attente côté administration.

Sheet Femmes
A1: Interne | K1: Vérification | P1: Profil public | X1: Physique | AB1: Mode de vie | AF1: Recherche | AJ1: Textes | AM1: Médias | AO1: Contrôle
A2: Code femme | B2: Code agent | C2: Nom légal complet | D2: Date de naissance | E2: Âge | F2: Nationalité | G2: Pays de résidence | H2: Ville de résidence | I2: E-mail | J2: Téléphone (format international) | K2: Type de pièce d'identité | L2: Numéro de pièce | M2: Contrat de mandat signé | N2: Date de signature | O2: Consentement publication photos | P2: Prénom affiché | Q2: Ville affichée | R2: Pays affiché | S2: Langues (langue: niveau ; …) | T2: Situation | U2: Enfants | V2: Profession | W2: Niveau d'études | X2: Taille (cm) | Y2: Poids (kg) | Z2: Yeux | AA2: Cheveux | AB2: Religion | AC2: Tabac | AD2: Alcool | AE2: Centres d'intérêt (5 max, séparés par ;) | AF2: Type de relation recherchée | AG2: Âge recherché — min | AH2: Âge recherché — max | AI2: Prête à déménager | AJ2: Accroche (120 caractères max) | AK2: Présentation (600 à 1200 caractères) | AL2: Ce que je recherche (200 à 400 caractères) | AM2: Nombre de photos fournies | AN2: Vidéo de présentation fournie | AO2: Contrôle accroche | AP2: Contrôle présentation | AQ2: Contrôle recherche | AR2: Statut du dossier | AS2: Notes internes
A3: PAL-0001 | B3: AG-01 | C3: Amina Diallo Traoré | D3: 35868 | E3: =IF(D3="","",DATEDIF(D3,TODAY(),"Y")) | F3: Ivoirienne | G3: Côte d'Ivoire | H3: Abidjan | I3: amina.d@exemple.com | J3: +225 07 00 00 00 00 | K3: Passeport | L3: CI1234567 | M3: Oui | N3: 46144 | O3: Oui | P3: Amina | Q3: Abidjan | R3: Côte d'Ivoire | S3: Français: natif ; Anglais: intermédiaire | T3: Célibataire | U3: Non | V3: Infirmière | W3: Licence | X3: 168 | Y3: 60 | Z3: Marron | AA3: Noir | AB3: Chrétienne | AC3: Non | AD3: Occasionnellement | AE3: Cuisine ; Voyages ; Lecture ; Danse ; Randonnée | AF3: Relation sérieuse | AG3: 30 | AH3: 50 | AI3: À discuter | AJ3: Infirmière à Abidjan, souriante et attachée à ma famille. | AK3: Je m'appelle Amina, j'ai 28 ans et je vis à Abidjan où je travaille comme infirmière depuis six ans. J'aime mon métier parce qu'il me permet d'être utile aux autres. En dehors du travail, je cuisine beaucoup, je lis, et je passe mes dimanches en famille. J'aimerais rencontrer quelqu'un de sincère, avec qui construire quelque chose de durable. Je suis ouverte à la distance et prête à apprendre l'anglais si besoin. (Texte d'exemple : visez 600 à 1200 caractères, écrits à la première personne.) | AL3: Un homme honnête, attentionné, qui sait ce qu'il veut. La différence d'âge ne me dérange pas. Je cherche une relation sérieuse, pas une correspondance sans lendemain. | AM3: 8 | AN3: Oui | AO3: =IF(AJ3="","",IF(LEN(AJ3)>120,"Trop long ("&LEN(AJ3)&")",IF(LEN(AJ3)<40,"Trop court ("&LEN(AJ3)&")","OK ("&LEN(AJ3)&")"))) | AP3: =IF(AK3="","",IF(LEN(AK3)>1200,"Trop long ("&LEN(AK3)&")",IF(LEN(AK3)<600,"Trop court ("&LEN(AK3)&")","OK ("&LEN(AK3)&")"))) | AQ3: =IF(AL3="","",IF(LEN(AL3)>400,"Trop long ("&LEN(AL3)&")",IF(LEN(AL3)<200,"Trop court ("&LEN(AL3)&")","OK ("&LEN(AL3)&")"))) | AR3: Prêt à envoyer | AS3: LIGNE D'EXEMPLE — à supprimer avant envoi
E4: =IF(D4="","",DATEDIF(D4,TODAY(),"Y")) | AO4: =IF(AJ4="","",IF(LEN(AJ4)>120,"Trop long ("&LEN(AJ4)&")",IF(LEN(AJ4)<40,"Trop court ("&LEN(AJ4)&")","OK ("&LEN(AJ4)&")"))) | AP4: =IF(AK4="","",IF(LEN(AK4)>1200,"Trop long ("&LEN(AK4)&")",IF(LEN(AK4)<600,"Trop court ("&LEN(AK4)&")","OK ("&LEN(AK4)&")"))) | AQ4: =IF(AL4="","",IF(LEN(AL4)>400,"Trop long ("&LEN(AL4)&")",IF(LEN(AL4)<200,"Trop court ("&LEN(AL4)&")","OK ("&LEN(AL4)&")")))
E5: =IF(D5="","",DATEDIF(D5,TODAY(),"Y")) | AO5: =IF(AJ5="","",IF(LEN(AJ5)>120,"Trop long ("&LEN(AJ5)&")",IF(LEN(AJ5)<40,"Trop court ("&LEN(AJ5)&")","OK ("&LEN(AJ5)&")"))) | AP5: =IF(AK5="","",IF(LEN(AK5)>1200,"Trop long ("&LEN(AK5)&")",IF(LEN(AK5)<600,"Trop court ("&LEN(AK5)&")","OK ("&LEN(AK5)&")"))) | AQ5: =IF(AL5="","",IF(LEN(AL5)>400,"Trop long ("&LEN(AL5)&")",IF(LEN(AL5)<200,"Trop court ("&LEN(AL5)&")","OK ("&LEN(AL5)&")")))
E6: =IF(D6="","",DATEDIF(D6,TODAY(),"Y")) | AO6: =IF(AJ6="","",IF(LEN(AJ6)>120,"Trop long ("&LEN(AJ6)&")",IF(LEN(AJ6)<40,"Trop court ("&LEN(AJ6)&")","OK ("&LEN(AJ6)&")"))) | AP6: =IF(AK6="","",IF(LEN(AK6)>1200,"Trop long ("&LEN(AK6)&")",IF(LEN(AK6)<600,"Trop court ("&LEN(AK6)&")","OK ("&LEN(AK6)&")"))) | AQ6: =IF(AL6="","",IF(LEN(AL6)>400,"Trop long ("&LEN(AL6)&")",IF(LEN(AL6)<200,"Trop court ("&LEN(AL6)&")","OK ("&LEN(AL6)&")")))
E7: =IF(D7="","",DATEDIF(D7,TODAY(),"Y")) | AO7: =IF(AJ7="","",IF(LEN(AJ7)>120,"Trop long ("&LEN(AJ7)&")",IF(LEN(AJ7)<40,"Trop court ("&LEN(AJ7)&")","OK ("&LEN(AJ7)&")"))) | AP7: =IF(AK7="","",IF(LEN(AK7)>1200,"Trop long ("&LEN(AK7)&")",IF(LEN(AK7)<600,"Trop court ("&LEN(AK7)&")","OK ("&LEN(AK7)&")"))) | AQ7: =IF(AL7="","",IF(LEN(AL7)>400,"Trop long ("&LEN(AL7)&")",IF(LEN(AL7)<200,"Trop court ("&LEN(AL7)&")","OK ("&LEN(AL7)&")")))
E8: =IF(D8="","",DATEDIF(D8,TODAY(),"Y")) | AO8: =IF(AJ8="","",IF(LEN(AJ8)>120,"Trop long ("&LEN(AJ8)&")",IF(LEN(AJ8)<40,"Trop court ("&LEN(AJ8)&")","OK ("&LEN(AJ8)&")"))) | AP8: =IF(AK8="","",IF(LEN(AK8)>1200,"Trop long ("&LEN(AK8)&")",IF(LEN(AK8)<600,"Trop court ("&LEN(AK8)&")","OK ("&LEN(AK8)&")"))) | AQ8: =IF(AL8="","",IF(LEN(AL8)>400,"Trop long ("&LEN(AL8)&")",IF(LEN(AL8)<200,"Trop court ("&LEN(AL8)&")","OK ("&LEN(AL8)&")")))
E9: =IF(D9="","",DATEDIF(D9,TODAY(),"Y")) | AO9: =IF(AJ9="","",IF(LEN(AJ9)>120,"Trop long ("&LEN(AJ9)&")",IF(LEN(AJ9)<40,"Trop court ("&LEN(AJ9)&")","OK ("&LEN(AJ9)&")"))) | AP9: =IF(AK9="","",IF(LEN(AK9)>1200,"Trop long ("&LEN(AK9)&")",IF(LEN(AK9)<600,"Trop court ("&LEN(AK9)&")","OK ("&LEN(AK9)&")"))) | AQ9: =IF(AL9="","",IF(LEN(AL9)>400,"Trop long ("&LEN(AL9)&")",IF(LEN(AL9)<200,"Trop court ("&LEN(AL9)&")","OK ("&LEN(AL9)&")")))
E10: =IF(D10="","",DATEDIF(D10,TODAY(),"Y")) | AO10: =IF(AJ10="","",IF(LEN(AJ10)>120,"Trop long ("&LEN(AJ10)&")",IF(LEN(AJ10)<40,"Trop court ("&LEN(AJ10)&")","OK ("&LEN(AJ10)&")"))) | AP10: =IF(AK10="","",IF(LEN(AK10)>1200,"Trop long ("&LEN(AK10)&")",IF(LEN(AK10)<600,"Trop court ("&LEN(AK10)&")","OK ("&LEN(AK10)&")"))) | AQ10: =IF(AL10="","",IF(LEN(AL10)>400,"Trop long ("&LEN(AL10)&")",IF(LEN(AL10)<200,"Trop court ("&LEN(AL10)&")","OK ("&LEN(AL10)&")")))
E11: =IF(D11="","",DATEDIF(D11,TODAY(),"Y")) | AO11: =IF(AJ11="","",IF(LEN(AJ11)>120,"Trop long ("&LEN(AJ11)&")",IF(LEN(AJ11)<40,"Trop court ("&LEN(AJ11)&")","OK ("&LEN(AJ11)&")"))) | AP11: =IF(AK11="","",IF(LEN(AK11)>1200,"Trop long ("&LEN(AK11)&")",IF(LEN(AK11)<600,"Trop court ("&LEN(AK11)&")","OK ("&LEN(AK11)&")"))) | AQ11: =IF(AL11="","",IF(LEN(AL11)>400,"Trop long ("&LEN(AL11)&")",IF(LEN(AL11)<200,"Trop court ("&LEN(AL11)&")","OK ("&LEN(AL11)&")")))
E12: =IF(D12="","",DATEDIF(D12,TODAY(),"Y")) | AO12: =IF(AJ12="","",IF(LEN(AJ12)>120,"Trop long ("&LEN(AJ12)&")",IF(LEN(AJ12)<40,"Trop court ("&LEN(AJ12)&")","OK ("&LEN(AJ12)&")"))) | AP12: =IF(AK12="","",IF(LEN(AK12)>1200,"Trop long ("&LEN(AK12)&")",IF(LEN(AK12)<600,"Trop court ("&LEN(AK12)&")","OK ("&LEN(AK12)&")"))) | AQ12: =IF(AL12="","",IF(LEN(AL12)>400,"Trop long ("&LEN(AL12)&")",IF(LEN(AL12)<200,"Trop court ("&LEN(AL12)&")","OK ("&LEN(AL12)&")")))
E13: =IF(D13="","",DATEDIF(D13,TODAY(),"Y")) | AO13: =IF(AJ13="","",IF(LEN(AJ13)>120,"Trop long ("&LEN(AJ13)&")",IF(LEN(AJ13)<40,"Trop court ("&LEN(AJ13)&")","OK ("&LEN(AJ13)&")"))) | AP13: =IF(AK13="","",IF(LEN(AK13)>1200,"Trop long ("&LEN(AK13)&")",IF(LEN(AK13)<600,"Trop court ("&LEN(AK13)&")","OK ("&LEN(AK13)&")"))) | AQ13: =IF(AL13="","",IF(LEN(AL13)>400,"Trop long ("&LEN(AL13)&")",IF(LEN(AL13)<200,"Trop court ("&LEN(AL13)&")","OK ("&LEN(AL13)&")")))
E14: =IF(D14="","",DATEDIF(D14,TODAY(),"Y")) | AO14: =IF(AJ14="","",IF(LEN(AJ14)>120,"Trop long ("&LEN(AJ14)&")",IF(LEN(AJ14)<40,"Trop court ("&LEN(AJ14)&")","OK ("&LEN(AJ14)&")"))) | AP14: =IF(AK14="","",IF(LEN(AK14)>1200,"Trop long ("&LEN(AK14)&")",IF(LEN(AK14)<600,"Trop court ("&LEN(AK14)&")","OK ("&LEN(AK14)&")"))) | AQ14: =IF(AL14="","",IF(LEN(AL14)>400,"Trop long ("&LEN(AL14)&")",IF(LEN(AL14)<200,"Trop court ("&LEN(AL14)&")","OK ("&LEN(AL14)&")")))
E15: =IF(D15="","",DATEDIF(D15,TODAY(),"Y")) | AO15: =IF(AJ15="","",IF(LEN(AJ15)>120,"Trop long ("&LEN(AJ15)&")",IF(LEN(AJ15)<40,"Trop court ("&LEN(AJ15)&")","OK ("&LEN(AJ15)&")"))) | AP15: =IF(AK15="","",IF(LEN(AK15)>1200,"Trop long ("&LEN(AK15)&")",IF(LEN(AK15)<600,"Trop court ("&LEN(AK15)&")","OK ("&LEN(AK15)&")"))) | AQ15: =IF(AL15="","",IF(LEN(AL15)>400,"Trop long ("&LEN(AL15)&")",IF(LEN(AL15)<200,"Trop court ("&LEN(AL15)&")","OK ("&LEN(AL15)&")")))
... E153: =IF(D153="","",DATEDIF(D153,TODAY(),"Y")) | AO153: =IF(AJ153="","",IF(LEN(AJ153)>120,"Trop long ("&LEN(AJ153)&")",IF(LEN(AJ153)<40,"Trop court ("&LEN(AJ153)&")","OK ("&LEN(AJ153)&")"))) | AP153: =IF(AK153="","",IF(LEN(AK153)>1200,"Trop long ("&LEN(AK153)&")",IF(LEN(AK153)<600,"Trop court ("&LEN(AK153)&")","OK ("&LEN(AK153)&")"))) | AQ153: =IF(AL153="","",IF(LEN(AL153)>400,"Trop long ("&LEN(AL153)&")",IF(LEN(AL153)<200,"Trop court ("&LEN(AL153)&")","OK ("&LEN(AL153)&")")))

Sheet Agents
A1: Code agent | B1: Nom de l'agence / du représentant | C1: Personne responsable | D1: E-mail de connexion à la plateforme | E1: Téléphone | F1: Pays | G1: Ville | H1: Langues parlées par l'équipe | I1: Contrat cadre signé | J1: Date du contrat | K1: Femmes déclarées (calculé) | L1: Notes
A2: AG-01 | B2: Agence Horizon | C2: M. Kouassi Brou | D2: horizon@exemple.com | E2: +225 07 11 11 11 11 | F2: Côte d'Ivoire | G2: Abidjan | H2: Français ; Anglais | I2: Oui | J2: 46132 | K2: =IF(A2="","",COUNTIF(Femmes!$B$4:$B$153,A2)) | L2: LIGNE D'EXEMPLE — à supprimer avant envoi
K3: =IF(A3="","",COUNTIF(Femmes!$B$4:$B$153,A3))
K4: =IF(A4="","",COUNTIF(Femmes!$B$4:$B$153,A4))
K5: =IF(A5="","",COUNTIF(Femmes!$B$4:$B$153,A5))
K6: =IF(A6="","",COUNTIF(Femmes!$B$4:$B$153,A6))
K7: =IF(A7="","",COUNTIF(Femmes!$B$4:$B$153,A7))
K8: =IF(A8="","",COUNTIF(Femmes!$B$4:$B$153,A8))
K9: =IF(A9="","",COUNTIF(Femmes!$B$4:$B$153,A9))
K10: =IF(A10="","",COUNTIF(Femmes!$B$4:$B$153,A10))
K11: =IF(A11="","",COUNTIF(Femmes!$B$4:$B$153,A11))
K12: =IF(A12="","",COUNTIF(Femmes!$B$4:$B$153,A12))
K13: =IF(A13="","",COUNTIF(Femmes!$B$4:$B$153,A13))
K14: =IF(A14="","",COUNTIF(Femmes!$B$4:$B$153,A14))
... K41: =IF(A41="","",COUNTIF(Femmes!$B$4:$B$153,A41))

Sheet Photos
A1: Code femme | B1: Nom du fichier | C1: Ordre (1 = photo principale) | D1: Légende (facultatif) | E1: Notes
A2: PAL-0001 | B2: PAL-0001_01.jpg | C2: 1 | D2: Au bord de la lagune, Abidjan | E2: LIGNE D'EXEMPLE — à supprimer avant envoi

Sheet Listes
A1: situation | B1: enfants | C1: ouinon | D1: tabac | E1: alcool | F1: recherche | G1: demenager | H1: piece | I1: etudes | J1: yeux | K1: cheveux | L1: religion | M1: statut
A2: Célibataire | B2: Non | C2: Oui | D2: Non | E2: Non | F2: Relation sérieuse | G2: Oui | H2: Passeport | I2: Secondaire | J2: Marron | K2: Noir | L2: Chrétienne | M2: À compléter
A3: Divorcée | B3: Oui - 1 | C3: Non | D3: Occasionnellement | E3: Occasionnellement | F3: Mariage | G3: Non | H3: Carte nationale d'identité | I3: Baccalauréat | J3: Noisette | K3: Brun | L3: Catholique | M3: Prêt à envoyer
A4: Veuve | B4: Oui - 2 | D4: Oui | E4: Oui | F4: Amitié | G4: À discuter | H4: Permis de conduire | I4: Licence | J4: Vert | K4: Châtain | L4: Protestante | M4: Envoyé
A5: Séparée | B5: Oui - 3 et + | F5: Correspondance | I5: Master | J5: Bleu | K5: Blond | L5: Musulmane | M5: Validé
I6: Doctorat | J6: Gris | K6: Roux | L6: Juive | M6: Refusé
I7: Formation professionnelle | J7: Noir | K7: Gris | L7: Hindoue
L8: Bouddhiste
L9: Sans religion
L10: Autre
